temp_mean,temp_max,temp_min,precip_total,precip_days,wind_max,evapotranspiration,hot_days,dry_days,water_balance,yield_actual
22.143902439024387,37.1,7.7,198.3,33.0,30.9,621.78,6.0,73.0,-423.48,0
23.478048780487807,36.8,9.1,141.3,23.0,32.1,692.66,6.0,80.0,-551.3599999999999,0
23.38617886178862,35.1,10.7,108.1,26.0,30.1,688.42,1.0,78.0,-580.3199999999999,0
23.18780487804878,38.0,5.4,131.5,26.0,38.6,724.04,5.0,76.0,-592.54,0
22.087804878048782,36.9,8.7,133.1,23.0,32.7,661.1,9.0,73.0,-528.0,0
22.45691056910569,37.7,7.2,208.3,30.0,29.4,611.93,5.0,66.0,-403.63,0
21.877235772357725,38.3,4.9,178.4,23.0,33.2,661.3,8.0,74.0,-482.9,1
23.264227642276424,37.2,5.2,98.0,15.0,32.2,745.77,3.0,84.0,-647.77,1
22.402439024390244,35.4,8.7,202.8,28.0,42.2,671.32,1.0,76.0,-468.52,0
21.89837398373984,38.5,4.7,178.9,33.0,31.2,663.57,6.0,69.0,-484.6700000000001,1
22.817073170731707,38.7,4.9,310.2,39.0,30.2,610.51,8.0,67.0,-300.31,1
22.24959349593496,37.0,4.8,122.4,23.0,36.0,705.77,2.0,71.0,-583.37,1
21.14959349593496,37.3,4.1,219.8,40.0,33.0,591.1,6.0,61.0,-371.3,1
23.492682926829268,38.5,3.7,81.0,16.0,34.0,773.28,15.0,86.0,-692.28,1
22.217815098307312,36.94795300685985,8.498632164671521,177.6488974317761,25.0,33.99557167835707,646.8343760907378,8.0,73.0,-469.18604509460806,0
22.799471308414745,36.2971425233838,7.995612421193198,135.4630850597593,28.0,34.02505548544153,677.4157213554545,1.0,71.0,-541.9500050324049,0
22.08099647074286,37.065722143644315,7.167224443245166,213.59069272679753,34.0,31.807780495454523,609.7994228327577,3.0,67.0,-396.208059757153,0
23.76235221585408,37.1730175591867,6.512941742020352,164.67500824486905,27.0,38.78914667764562,717.344302371987,1.0,77.0,-552.6698275450448,0
22.2884759879506,35.9934405763358,8.628218935278694,191.18973203934306,28.0,35.77691151652971,642.276512088081,2.0,70.0,-451.0836102847476,0
22.634742347886565,36.624004220693216,8.933975702802092,167.46178869434962,29.0,30.749545002532816,649.6695966734109,6.0,77.0,-482.2096485809766,0
23.12893226042484,36.38056734783443,8.336640752589952,139.2325879412592,30.0,31.94798899099279,682.2953448237824,3.0,78.0,-543.0614891596899,0
21.655408558895296,35.195926462835764,8.687334737682159,196.06388687945795,26.0,46.42248506076663,675.6744283208562,3.0,76.0,-479.6072527431702,0
22.595909171208028,37.69064015982603,6.3244887613363385,157.1803534888218,26.0,36.72267033092288,680.7880852480312,6.0,71.0,-523.6083723039385,0
23.176026450941784,35.855785757745664,8.797362744531108,178.4213717914879,27.0,36.76418736695184,678.0558486094811,0.0,75.0,-499.63400173502515,0
23.33200979050992,36.24146524070897,8.74062662331056,99.61860759373182,25.0,33.3341071565738,713.3699678334596,3.0,79.0,-613.7511676445122,0
23.136420134549407,35.83204673768092,10.180679859021255,85.97642991034141,17.0,37.365925669699756,737.5410065203702,7.0,84.0,-651.566391249644,0
21.877392082136577,38.89922481495902,5.07739190509184,177.67446787458152,33.0,29.620827852188945,624.8265288011744,9.0,68.0,-447.1514080402827,0
22.924591845181915,35.012832701138656,9.98862948122281,101.12502812334806,24.0,38.42184488848121,725.0141607901504,3.0,83.0,-623.8873252648284,0
22.848885489666667,35.475070075360385,8.94785266355902,188.17692667128736,30.0,38.73007753418933,677.9229755057488,1.0,80.0,-489.74704510287734,0
22.982364091006602,36.18937811736663,9.026082491777927,175.3367358047874,27.0,33.66878702099051,663.2423080210963,3.0,76.0,-487.9062406958572,0
23.26442530940092,38.31609251985232,5.464754900984308,134.6268347496885,26.0,36.317512553037695,715.3606105787787,6.0,76.0,-580.7319347561677,0
22.90217439332907,36.59848141207713,8.96768032114249,114.21496984504137,25.0,31.451224094474487,688.0915965278218,7.0,78.0,-573.8808317589559,0
22.289720500437962,35.67178165091597,10.131874490614107,171.8910906177484,29.0,30.521730649621944,631.2296784006941,5.0,75.0,-459.3358310891686,0
23.05597770841344,37.22650546990685,6.471359576473892,155.75340730844533,29.0,37.07652865093054,696.5787480011368,3.0,75.0,-540.8234075012411,0
22.19998758549184,36.79037186573996,7.85059356130127,182.32114361902404,24.0,38.518758786990354,662.1623611005417,6.0,71.0,-479.8477280579194,0
22.072756081432388,37.49614238415181,6.3148561716287634,198.94904072747337,28.0,39.88209065607926,662.8209292746882,7.0,73.0,-463.8720153735961,0
21.292639372590948,37.9077921321543,6.883464641242682,222.3261398728812,36.0,24.965344959319232,554.2001587801396,7.0,61.0,-331.87528894971,0
23.52054337521619,37.910244980969544,6.795058270131973,135.93088348961177,28.0,31.361445475577376,698.0497121152679,6.0,79.0,-562.1201735828982,0
22.66337442396919,36.20544657829398,8.97433104464582,128.0047881767814,22.0,36.61787022086953,694.6356944753466,5.0,76.0,-566.6321526301385,0
22.61331645657855,37.42204797884607,6.6201898518526034,125.04178551039355,19.0,42.46955019148227,727.2834648842021,7.0,75.0,-602.243215687394,0
24.02806128908488,33.53729271138526,12.404279905772533,123.752041432214,27.0,32.08866961455311,700.5142622437673,0.0,82.0,-576.7626400500345,0
21.453925819050035,37.54753248561564,7.629827718626324,194.90830724473707,30.0,29.064483594163907,592.704052284809,9.0,65.0,-397.79524653268743,0
23.627386381019182,39.39177725296123,4.867519119263083,175.4603088497195,27.0,30.436346141161323,674.029835981662,6.0,70.0,-498.5683873675498,0
23.04002072937655,36.07185542595974,10.000205742172037,145.41668744495124,24.0,30.84065924349226,667.7909629978509,5.0,77.0,-522.3754052480489,0
22.82192576521283,37.105810105767226,8.266861471976968,120.35646409325705,23.0,32.84663869373324,689.7207406000293,8.0,76.0,-569.36414449821,0
22.995736203983885,37.96577895636293,6.483972407252855,168.50273724960067,25.0,36.74538692018553,691.9286165608374,7.0,77.0,-523.4257765305232,0
22.662597100031796,34.950528115658926,10.862707015504766,172.76702600459785,22.0,37.90730039560478,672.1209585744251,3.0,78.0,-499.35488841816664,0
23.0216498657836,37.3829673753429,8.048936045022069,147.20422762566437,28.0,27.617614986981266,654.9012137652538,6.0,73.0,-507.6962294635631,0
22.95654432213518,36.67251512469229,7.727274581133404,132.17783511167792,26.0,36.38020209426963,701.2230329523046,4.0,76.0,-569.0450930458728,0
22.82418827232137,37.53746350098665,6.251020572751923,194.19650812949396,27.0,38.97329656797406,677.8280842874483,4.0,72.0,-483.6303111111337,0
22.8605885129415,36.9898198991099,7.238810421590544,203.10856974903152,28.0,38.177656485015945,670.9028687226888,4.0,76.0,-467.7929931251022,0
23.127322311924072,38.90797185630804,6.136075261085155,169.4573785153297,24.0,31.991625266165663,674.5213743203576,10.0,74.0,-505.0630053693229,0
23.24244995661891,34.32293188352961,11.397335837320636,118.98442395961544,27.0,32.56744134109401,689.0940982382449,0.0,80.0,-570.1084127643641,0
23.56695518872522,35.53551143084216,10.615571103669236,133.28077212533987,22.0,34.51182219820172,707.8274920691126,4.0,84.0,-574.5485320700153,0
23.113017850284823,36.21689335701446,9.046336840161912,90.0199562089412,23.0,34.078364010090546,717.2113726638788,5.0,79.0,-627.1923959097883,0
22.705166272379213,35.254172513543665,11.678590546468481,171.62817838302374,27.0,27.29328568630368,624.3340194032481,4.0,76.0,-452.7061140819994,0
21.722085812093745,37.16457013946532,6.597711973119398,265.55290695634903,34.0,39.59080201248234,616.878963429367,5.0,73.0,-351.3231592272242,0
23.412674550768678,36.82106956485693,10.22844573512281,85.44672849472988,22.0,23.743050957648265,681.2935790002674,8.0,79.0,-595.8466722103761,0
22.428621799177435,34.29208138914171,10.880994802873579,174.25631928553625,30.0,35.584828875294086,651.9612066866782,0.0,77.0,-477.7031970697287,0
22.99342081488401,35.379501297748014,9.54098531691152,171.9090091193487,26.0,38.06543407493012,683.5205478630272,1.0,78.0,-511.60964738792717,0
22.0003413316925,36.320049118826724,8.77988669648388,236.76114032093395,32.0,31.99771926058185,595.1171667691465,4.0,69.0,-358.35472036484384,0
23.238308804527424,35.75217601817221,12.181619493449206,116.65730062522739,24.0,21.22467083234686,643.7238190304697,7.0,79.0,-527.0689748713643,0
23.114997450118846,34.638245071101515,11.823051766193592,141.51413562173258,25.0,29.650181242023272,657.7534809971471,1.0,76.0,-516.2414994740182,0
23.18742590417747,37.82526460459161,5.771706699246042,182.08669536619178,30.0,36.99860448779,689.8420805277659,4.0,77.0,-507.752937982453,0
22.591036017942514,35.16235794545958,9.069054322392404,223.87947676683484,29.0,41.55511169766462,660.9023458815236,0.0,76.0,-437.02170665608804,0
22.43459360229027,36.4984111261026,7.853906703760306,169.91615331136137,30.0,34.43052954784884,656.378714720535,3.0,73.0,-486.4640837353337,0
23.78716628385041,35.14568318699944,10.344006462241712,104.01579733004704,20.0,37.51926387124853,736.9548271870084,1.0,81.0,-632.9376020556181,0
22.317579556430104,36.64577152578229,8.790228173315286,160.7103959664686,30.0,26.775399535132138,619.1553952184033,5.0,69.0,-458.4443634832798,0
21.6048954639364,35.69730608112144,10.223618103732703,175.7599280838899,24.0,33.26710936953797,619.1753278610764,6.0,69.0,-443.4144788468021,0
22.64650753606208,37.88441695054656,7.036658891995802,161.7794111576094,26.0,32.50499850386121,662.0931199321459,8.0,72.0,-500.31320481194285,0
23.057072836358724,38.269794073540616,5.055422077775653,202.36539335916314,29.0,39.5832395102771,687.707620270189,5.0,74.0,-485.3415668751391,0
23.567117594846746,37.34595625029944,6.916084583271982,186.20222708433997,26.0,37.206791038161064,691.9373696441312,2.0,75.0,-505.73657082357624,0
22.163882415551004,36.99571263351158,8.910692307741314,167.5402649703419,24.0,33.00705857739811,648.5722206154593,10.0,75.0,-481.0309076131472,0
22.931824863991018,37.57437620439506,7.959331308557688,156.65302129807725,26.0,29.56203738426223,658.0107784055953,7.0,74.0,-501.35855970745894,0
21.68102936636158,37.721912296586126,7.655221638900663,176.13831119750708,28.0,31.027209325363657,625.5766182467042,11.0,73.0,-449.440815231111,0
23.114533295605575,38.587957967335996,6.099594277961359,185.55616288513414,32.0,27.766196626346552,643.0807489527357,6.0,72.0,-457.5248831787065,0
23.162123778767135,38.804826768287576,6.1959276066984685,137.4734841873592,21.0,34.27110874413413,704.0861764124242,10.0,76.0,-566.6146363361473,0
23.808406619506364,35.722774186932625,8.425134248940049,117.45890206339101,21.0,41.88269845114718,752.4069904888833,0.0,80.0,-634.9455603997523,0
23.23277633593917,36.6145966479592,6.655798102458053,171.83430647512532,29.0,40.31819628887054,704.4085783721739,0.0,76.0,-532.5755303959451,0
22.819613236981347,38.39357624629517,5.592051857511569,248.89688330952245,36.0,31.157263725432266,616.3225685579174,4.0,71.0,-367.4254873515032,0
22.813769918465553,36.317986872062896,8.686521098796808,130.1742061911716,26.0,33.09217497123502,680.3081210756192,4.0,75.0,-550.1348421299871,0
21.98166145343459,35.8657444568523,10.351373338717583,178.0461929492665,29.0,25.621707529558098,590.4362881462753,4.0,67.0,-412.3920637002353,0
21.88793411635885,35.67052399407743,9.990579088116265,171.40873974362714,28.0,31.395467649490396,623.4748429003736,5.0,72.0,-452.0671130361662,0
23.3017084626475,35.83587897098935,9.087978609467205,163.5941327045667,26.0,37.47997144887115,697.761356145487,2.0,81.0,-534.167404584656,0
22.792253367227563,35.53976590887079,7.936624983560069,155.0838239408338,29.0,41.07303628158366,701.64721500875,0.0,76.0,-546.56544708106,0
22.400988196263697,36.24313160247708,8.785461085173639,167.01271628986632,28.0,34.18341133579448,657.8279109052901,5.0,76.0,-490.8149783135687,0
22.695659984368245,35.40731746718457,11.510096566053269,147.39680117823247,27.0,25.766035027767202,630.5807560172858,5.0,76.0,-483.18242927121787,0
22.85706046567564,38.01719703264301,6.763817005738069,153.9988481735265,31.0,27.054380928043884,646.0743566155907,6.0,71.0,-492.0773310856341,0
23.843984964134336,35.96031966673647,10.491263058161994,70.98995266745294,21.0,28.220475196070474,716.6690393459305,4.0,81.0,-645.6767461269151,0
22.19527576521456,35.13037354248667,10.7450672527342,104.46110011693563,25.0,33.24833017597684,680.6881657576314,6.0,81.0,-576.2280075841011,0
23.04244813110236,39.511905882419825,4.875942285501603,140.6241334094192,23.0,32.71816746742569,691.1192083375151,10.0,71.0,-550.4975823962384,0
22.70128465100081,37.397973832023965,8.575787950060976,180.01602945502165,25.0,28.924511953321424,633.2457063437723,7.0,71.0,-453.23080792132725,0
22.300584887040582,37.31522868483627,8.471382865929852,147.8785288648784,27.0,28.282624671368684,641.0608163656193,9.0,74.0,-493.1792997749241,0
22.148033583272262,36.84679460759774,6.838680661096757,179.6798158856239,31.0,36.55075922093804,654.2178334212214,3.0,71.0,-474.53790553740936,0
22.294848622888455,36.80983111126295,8.191814036919233,189.0988794832673,30.0,31.04541297910554,625.0183023163412,5.0,69.0,-435.91827913842883,0
23.13977493319829,38.36023734977233,7.0542732266719215,147.43744457085197,24.0,29.36762879994052,668.3884213403591,8.0,72.0,-520.9525726811431,0
22.263775243938245,38.737392741827065,3.91517832711731,160.91381236276922,27.0,42.7340116844221,707.201838226774,8.0,73.0,-546.2875234742498,0
23.441043999608837,35.6763983491979,9.936841902073319,95.10411680905166,25.0,30.599427776540207,703.3831269735091,3.0,79.0,-608.2790414570372,0
22.86823044142379,35.741739435030546,9.137549069566933,168.31734793747663,28.0,36.53479110850226,678.8978377651749,3.0,79.0,-510.57882637876725,0
23.419659416228882,36.43307554852721,10.002554456890577,128.74672776491403,23.0,29.19213758211906,682.4374747822502,6.0,80.0,-553.6916220921414,0
22.00567002624933,37.41880112177778,8.821450356846134,146.20589526514598,22.0,29.53728154922423,637.3986473862105,11.0,70.0,-491.19621463723206,0
22.624863310040162,35.677639698623736,9.48376285712935,141.6586930126801,31.0,31.280714069054763,661.7333931534799,3.0,77.0,-520.0766824641026,0
21.27553585929449,37.01499118794553,8.29787247626184,250.11957375259624,35.0,29.901649286053665,565.8600678355662,8.0,70.0,-315.74257050893243,0
22.285964500518464,38.384668369496616,6.312883481019958,199.87624464094935,28.0,33.99773507120595,644.7672614264985,10.0,73.0,-444.8898543770302,0
22.424391332714293,36.638377076172034,9.0792226597775,169.01801876075868,26.0,32.12985848584333,647.8267856885236,7.0,75.0,-478.8124513383352,0
22.5622062439733,36.543772778153205,8.754931553030632,151.75813310805881,23.0,36.29544032667238,681.7486264533998,7.0,78.0,-529.9906570028802,0
22.922564634813718,37.636251906018266,8.161566210232422,187.47335619636985,30.0,24.493377313115843,613.1206468445154,5.0,68.0,-425.64744016761347,0
23.848829217100665,35.9638015700545,7.429428170117351,166.59367800690097,31.0,39.11518289058218,715.7783675636623,0.0,79.0,-549.1836471342086,0
23.97932782260613,37.97029385958292,6.759684590102345,124.4873363802864,23.0,34.2181376449602,728.2295788481204,5.0,79.0,-603.742881731448,0
22.60576098263151,35.286161139478644,10.121294516394904,156.04815969465145,26.0,36.92194107184658,680.962090173999,4.0,81.0,-524.9146846559088,0
22.065130992803677,36.981394345782306,6.811801770187378,204.45370592397893,29.0,40.56471234594448,662.8855881206487,6.0,75.0,-458.42901884031755,0
22.916434421108107,37.23557360216361,8.039595924378023,155.70627583588453,25.0,29.890450416205315,652.8601398783984,5.0,69.0,-497.1554442829366,0
22.87016330747207,35.89545207181964,9.26502838385808,197.11064968326946,29.0,33.45239530110502,644.5956056566396,1.0,74.0,-447.4846740953941,0
22.435901216168446,36.075942163558906,9.978546192916024,138.51007484220068,28.0,26.20016034568979,629.3366617664514,5.0,70.0,-490.82720547829445,0
22.341370270762088,37.58003933316873,6.3009023285401025,228.0927857317444,33.0,34.971418612859935,629.4200982421912,4.0,71.0,-401.32643024964216,0
22.303965670257938,39.91917018827657,4.020179763905826,214.75682133553414,31.0,30.47594201847097,622.2860153968267,10.0,66.0,-407.52999467521755,0
22.536072080495117,37.257609787546016,9.086905280651056,172.67114754267368,25.0,29.084566180431807,639.7380932919455,10.0,77.0,-467.0653056027622,0
22.077561755974006,36.73993918649638,9.034969288754814,125.89384347682875,26.0,29.735005408267163,651.8832491158361,9.0,74.0,-525.9916495473208,0
21.538130486452992,38.00177722404026,6.492369709576478,218.66564801936943,32.0,31.68769865155839,598.2802276908162,8.0,66.0,-379.61760697901815,0
22.94850986004842,36.66993675907626,8.075870778913279,142.10868926017207,24.0,36.72472880857036,696.2625418142861,4.0,76.0,-554.1530460586122,0
22.393785481972234,37.91309881946998,8.078332114178318,148.85506254254605,29.0,20.229635960469043,597.1793467199446,7.0,63.0,-448.3245369265871,0
23.299434330702745,37.519297312582374,6.791894996401645,165.96851615995521,29.0,32.724871999668046,676.5452377884266,3.0,74.0,-510.57865670676233,0
22.654090036625718,36.15179514274946,9.973914892974502,141.9535139731259,23.0,33.25914084987226,674.8725561024763,7.0,80.0,-532.9185514611588,0
22.837479573140264,37.725525759800824,7.155347736228808,157.4300604109589,26.0,32.413217700251735,669.7080853340234,7.0,74.0,-512.2793046471589,0
22.290446614455472,39.25035365055969,7.333544012305738,157.32243042843444,27.0,18.26896818876397,588.4558120898971,13.0,63.0,-431.13674146563017,0
22.57868098140227,37.49216726702251,7.160789665371513,156.34483699615748,25.0,35.38274757548053,677.6220956358923,7.0,75.0,-521.2790038216689,0
23.05949802766748,38.513475608648925,5.35666878147676,221.08479125165684,31.0,33.12916409746291,644.7278991471886,4.0,70.0,-423.6438292640272,0
22.0099149932149,38.13207438477525,5.862563972126108,178.94543491616415,27.0,37.2656329028333,661.6150477559163,9.0,72.0,-482.67118992573154,0
22.92583093402571,36.44289709319887,7.616803897866598,169.0137784772612,26.0,40.10859959461208,698.5166735593355,3.0,77.0,-529.5021984163501,0
23.436358026981537,37.08364245248197,9.062128651816028,91.06315650311355,28.0,22.367729072657355,672.565949868079,6.0,77.0,-581.5019152296927,0
24.07697062795011,36.101847677562915,6.701947894291363,97.29122699405738,28.0,44.33009957133061,793.374466620008,0.0,89.0,-696.0846195436422,0
22.297639803322696,36.56033966111176,8.007395004251793,193.72065191482454,29.0,35.408765216943706,643.2729006096158,4.0,71.0,-449.5502560691631,0
22.321607355676537,37.52219432394023,5.066720740904458,187.40175315722757,31.0,41.508873951016525,681.0478489031829,3.0,71.0,-493.6446625148554,0
22.147967780980945,35.301581244480275,10.521605872755718,144.57859794537873,27.0,31.454810120790047,643.1800532493899,4.0,73.0,-498.6036850389921,0
22.566771902460054,36.75487865812343,8.649976680957268,159.0694935232428,26.0,32.08768828801548,656.3360547991877,6.0,74.0,-497.26943219755685,0
22.85919483523379,35.57440108596982,10.17629682468202,102.08452391362567,23.0,33.84553804836291,702.6615128804234,5.0,81.0,-600.5804165606066,0
23.10353140009576,36.89232542906219,7.893155495530221,119.19708793366863,22.0,36.769888663384656,715.7911083662616,6.0,78.0,-596.5980185781514,0
21.981000111082007,35.691947678403075,10.806577960966957,118.54668263148471,22.0,32.849125724026266,667.0489084480461,10.0,79.0,-548.5051850321797,0
23.23636477375588,35.874629463675234,9.20641499446667,142.85662710429645,27.0,32.64453402508607,678.3587495989271,1.0,74.0,-535.4997177245443,0
23.535115736118495,35.418323601146604,10.200883893721013,185.76779809946652,28.0,33.0648551810076,667.5936404093951,0.0,79.0,-481.82542460670425,0
22.905590677553775,37.47072410165994,7.1936286083233165,183.4196581769991,28.0,31.64811021425509,648.1979829772775,4.0,69.0,-464.78050047147553,0
22.791101541862652,36.631638749632636,8.148898995378016,211.6979914026266,32.0,32.53387569665785,636.1578339234671,3.0,75.0,-424.4591646607664,0
22.562178260541295,36.672354742830436,8.753893042353095,163.44634948880355,23.0,34.085727200027364,660.1184979130367,6.0,72.0,-496.6682017648227,0
22.69304191691264,36.71018989779574,6.838992868893888,211.87621756019752,27.0,44.020671906637666,689.656230706565,3.0,77.0,-477.780651842703,0
23.568242311337624,36.80908599982053,7.533479583806501,149.4351489487286,26.0,36.19110491672576,706.9517777277258,2.0,77.0,-557.5176677509864,0
22.83103555019487,37.78723793470541,6.704048956894086,171.73035822200353,24.0,36.777841633254646,680.6043065928015,6.0,72.0,-508.873620757647,0
23.19852528684433,36.43923872403669,8.866271093009482,170.69209423959373,24.0,34.307564064013896,673.2762152541359,3.0,74.0,-502.58495838121297,0
22.134865840348905,36.57810725773444,8.180208604787444,237.39579271845324,29.0,37.61509770959961,628.6265681294323,5.0,73.0,-391.2310833094117,0
23.049231983364034,37.26082005867346,8.542470851311817,167.21149210720688,24.0,31.289782383252504,661.8362352814083,7.0,74.0,-494.62394163942895,0
23.415840921211966,36.273866702923925,10.743514120893849,89.31169884287927,18.0,26.714349130742374,684.2253857620824,6.0,74.0,-594.9136088827582,0
23.217750339874993,37.63550757758079,6.664222458981216,168.68507549428304,29.0,33.21456455004173,676.8673840040058,4.0,75.0,-508.18094417450436,0
23.774623469442737,36.53458917600783,7.249156882716583,179.101441176667,31.0,36.682632725249185,699.3378990038925,0.0,79.0,-520.2392013867416,0
22.235261241595953,39.34131755751089,4.963180354088289,179.81790130226827,29.0,30.255799705461143,635.5457880585877,10.0,67.0,-455.7261692984791,0
22.00061418700513,38.43056176184658,6.240821868976747,168.36035338680134,26.0,32.05365631195184,640.4423469458338,10.0,68.0,-472.0814295602757,0
23.380070117196137,37.92084563870644,6.987542504028062,128.3639292592106,22.0,35.135413017351645,714.3754928721056,7.0,77.0,-586.0107517163605,0
21.47725233026661,36.70138080412717,8.156020308673481,219.57509668785912,27.0,38.22848683664637,625.9811077075432,8.0,73.0,-406.40712983285306,0
22.956343786179268,35.979039226684556,8.276732969207082,196.8859722219481,28.0,37.444400655226815,663.2642957196437,0.0,71.0,-466.37799729931965,0
22.480406681063172,37.6424635978312,6.070568204092807,184.2191488483513,29.0,37.36922743608339,668.0541963679609,5.0,72.0,-483.8360099988803,0
22.916915386555132,37.45113339523389,6.228559648733325,203.3878500672459,31.0,36.03298459390115,660.4516537282765,2.0,71.0,-457.0639781178388,0
22.940129288531622,36.64674433227189,8.630766484547191,197.64294657157902,22.0,39.49143012768877,681.1807471873907,6.0,78.0,-483.53909323189254,0
22.554771466221936,36.39190871017407,8.873653143690344,137.03828624314121,28.0,29.793030891717958,654.2121430157978,5.0,73.0,-517.1741916976637,0
21.838939635675555,36.4481047693917,8.57065118109922,197.4563445525024,31.0,32.105790151895405,613.7881506178468,5.0,70.0,-416.33077385079844,0
21.98828916323772,38.6999439529202,5.498969935798605,182.96007504353048,30.0,32.20878891543928,635.2999387897277,9.0,68.0,-452.34218405565656,0
23.129887321944512,37.086216241308314,6.0710760034379945,176.5820979161611,29.0,43.60382014729077,725.4586349687826,4.0,83.0,-548.8773759559897,0
22.55960743007155,35.969508267808855,9.634933210161066,182.44490257008934,29.0,30.370331121769027,630.3472220320017,3.0,73.0,-447.9045832901256,0
23.568382907430124,36.16887657379558,8.453425195399202,113.56137256816005,28.0,32.717376033479965,706.7450537436806,1.0,77.0,-593.1863964575853,0
22.043990796297283,36.85021543879797,6.903210371524507,215.8205964184139,34.0,36.08465343501047,630.5763900943277,3.0,71.0,-414.75332363952043,0
22.778806517622222,36.64624552235484,9.686979915770397,140.2542941790483,25.0,25.732268778822394,636.2086688192395,6.0,70.0,-495.9493545826718,0
22.394773236479114,38.106862163248046,4.64599879539367,185.1630751702384,28.0,43.0032502152043,694.4743186052638,5.0,72.0,-509.31345774483157,0
22.85986340684016,35.968528619116235,8.91373748718589,153.48175974144115,29.0,32.954743847119744,667.878866401057,2.0,76.0,-514.397126135028,0
23.234916665862542,34.63612390046678,12.150889535989506,148.83097823862903,27.0,28.652153522932785,656.9583364503837,2.0,81.0,-508.12599505099894,0
22.539500844311565,37.61213957840105,7.541308932138099,172.98139252035165,31.0,26.156606694474732,619.7676307686535,6.0,68.0,-446.7844796612579,0
22.8309312630005,36.11511388107966,8.230779142822849,184.92285881314234,30.0,37.815178806397064,676.7217831888765,2.0,78.0,-491.79897943894383,0
22.461431051387475,35.35640452967514,11.847452829093378,76.0685767673553,19.0,26.77606433107608,663.3865023587007,7.0,73.0,-587.3161529921857,0
23.229154049108164,35.959871008638984,8.068616980127162,173.4518825911276,28.0,39.08604752488381,694.3450782519836,0.0,76.0,-520.8924244250993,0
21.790953281657035,37.623451814153846,7.246480558843921,125.98185452489824,29.0,30.770601547441867,654.6860533496355,10.0,74.0,-528.7062364102019,0
22.715038689779117,38.73053071516215,6.620029516810947,144.26908689358703,29.0,24.849609250380535,642.4540391755687,10.0,72.0,-498.1861149337697,0
22.45758365980422,35.77353941644837,10.398899121259056,166.77032378204242,26.0,30.393189223754604,636.7278437638298,5.0,74.0,-469.9560764701047,0
22.418093478356173,36.08303421203378,7.799517722150194,181.67878501132108,27.0,42.23810135932064,686.8442533716174,3.0,76.0,-505.16988496784614,0
22.67530071403136,37.23149877493349,7.3405455099270265,187.74537993076837,29.0,33.51532085742628,650.8847459325088,5.0,72.0,-463.1407541679865,0
22.905407950730297,35.7944288208685,9.733973105928404,209.78083893177924,34.0,28.483861449813343,617.040685418538,1.0,75.0,-407.2611216430086,0
23.467542690821617,37.291404733156796,7.979926815009713,146.35449981244986,28.0,28.374250684522416,671.2565811969386,4.0,76.0,-524.901129894126,0
22.085509172407864,35.38850270046875,9.46106018302059,175.1747826317848,29.0,36.41755833676489,651.4229639684521,3.0,75.0,-476.2477700934342,0
22.02471391572987,38.11561835401874,5.763377132109286,176.0097925840962,33.0,32.150500357328795,638.6259045702113,7.0,70.0,-462.6167367209922,0
22.54191542216827,37.339428244795684,7.608725054458151,181.33064648058337,26.0,35.27674127433546,661.6892369426082,7.0,74.0,-480.356403292446,0
22.389070622807235,34.46655001343468,11.451236674913133,201.173922925195,30.0,32.92091431908681,624.1562308992778,1.0,76.0,-422.9816571437266,0
21.80141938826165,36.96853049432801,7.696630740282388,176.14960144603978,28.0,35.47682907441967,644.1626861401498,7.0,72.0,-468.0161081591541,0
23.436563286919082,36.97930229384395,8.630965682464076,147.20661066262073,25.0,29.35420159091603,670.897316969011,4.0,74.0,-523.6941264915898,0
22.327232957662154,36.062455985119996,9.257976795965616,153.7236196846921,24.0,35.75954471640474,668.3169069342372,6.0,76.0,-514.5948644952433,0
24.079415636893692,36.38087314173978,7.451102419375049,65.96792271218426,25.0,37.96580420115277,777.2577843389034,1.0,85.0,-711.2922075010372,0
22.400474061006317,37.24218636699374,6.520983297519027,234.64919584678694,34.0,34.21201723660831,617.8506978380326,2.0,67.0,-383.2024209675863,0
23.05485760093989,35.662750123005075,8.590133036560825,186.84713715257226,26.0,40.966552074008966,690.5868159658181,0.0,76.0,-503.7384445844288,0
23.8687726028739,34.829442804027046,11.465566120849191,105.14321007368173,21.0,33.16403788937991,718.0515617009328,1.0,83.0,-612.9108990452889,0
23.73679319500522,36.12727550843894,9.434763792024167,89.9648562888837,20.0,35.16269848636242,738.4089862487136,4.0,82.0,-648.44460672506,0
22.140439556240377,35.66924710781303,8.877506718984394,232.66962259348,33.0,32.76205651380757,595.9536028760367,0.0,65.0,-363.28502805803134,0
22.731304755459917,37.70982219298132,7.20559665743492,144.15281600442154,22.0,35.54314049209714,687.5093982133733,8.0,73.0,-543.3551265498891,0
22.848693947991123,36.7422444887035,7.850695951311926,156.50812374189198,29.0,33.77482055214191,673.3199242390019,4.0,75.0,-516.8115037682003,0
22.01319532014548,37.38541625156018,6.949685152248389,191.06562351995657,28.0,36.00622599914098,644.4579327856441,7.0,70.0,-453.39196801891563,0
23.01901542703327,36.112343190174634,10.649748068192688,128.22951841320787,25.0,24.636850739574005,644.4510884429424,5.0,74.0,-516.22266695399,0
23.642637263643966,35.81305927896774,9.025003294154194,161.72201897951908,25.0,39.35703540831465,717.5002050736975,2.0,83.0,-555.7786955545129,0
23.66185868171946,38.32706247689616,5.688470914360924,167.75886289439808,28.0,32.579936081022375,685.0714655969388,3.0,72.0,-517.3113487362122,0
23.144734078208653,36.84847736980227,8.582008031145966,114.80688870407927,25.0,32.835008424589425,705.0648298139766,7.0,82.0,-590.256288469864,0
22.635555478381036,35.93496458445463,7.854239372337458,221.14947066288568,33.0,39.1596219297316,655.3247016621546,0.0,75.0,-434.17503292662497,0
22.65149080036288,36.36199894014085,8.693744594493532,181.6576386182635,29.0,32.89433422721335,647.209975844147,3.0,73.0,-465.5515653089089,0
22.035595611675355,37.818596996110955,6.932060965424497,182.49349985642283,28.0,32.864823076646,636.658149102239,8.0,70.0,-454.16498426696774,0
21.664179379724068,36.6108548883885,6.491639276482012,259.53162977640847,30.0,44.96262457158049,635.7989192094137,2.0,69.0,-376.266638335697,0
24.536529558171388,36.313217314751796,9.248459729087244,95.62462221867474,22.0,33.650038311098626,752.0276839187983,3.0,86.0,-656.4068002165554,0
24.41723379542152,37.32054853845062,8.257775479026435,121.1586714601498,24.0,30.32810259357189,720.9528109861669,4.0,81.0,-599.7944096490464,0
22.812973832344028,37.366524864245925,7.770401469213155,166.89047557268387,28.0,30.18077061268578,650.4439933332052,6.0,72.0,-483.55366154935365,0
23.344488595770503,35.529917185078375,8.224191236318049,110.0722340192128,26.0,42.268348982008,751.0520051593376,1.0,84.0,-640.9796787048681,0
22.733129587413895,37.35035547406433,7.548752041088685,162.69859514499038,26.0,34.499634293640206,673.696714357895,7.0,75.0,-511.0000513207599,0
22.220160969308175,37.26805705203948,9.63921392992719,140.59232614079616,26.0,20.89403952124297,602.1609624642099,9.0,68.0,-461.5688815217307,0
23.16802922662512,36.27629961059493,10.271259343347205,103.00366041994903,24.0,27.708467976262085,682.928760980621,7.0,80.0,-579.9255400274178,0
21.98936787534264,38.10130147720611,5.926776934333702,202.38648130495426,29.0,37.173528373653596,648.8746534653827,8.0,72.0,-446.4870923635869,0
22.6600383990048,34.96669758571179,9.898988703502239,131.7550209017961,26.0,37.11023952597209,689.548147409501,1.0,77.0,-557.7950647244662,0
23.86805858721483,36.28717130885131,9.331038276317502,87.5269069657139,25.0,29.44379915459265,715.7400860555927,3.0,80.0,-628.2117184361117,0
21.8652937487967,36.721057604615325,6.518542636138213,166.1275319572098,28.0,40.490640021033805,668.6553523839957,3.0,68.0,-502.5266459807221,0
21.767919573331117,37.950380994806295,7.094679934465686,177.33685845033676,31.0,29.6802980359361,623.0444190377087,11.0,73.0,-445.7046583977353,0
22.59734015752997,35.73442454973326,9.35195411252385,127.30359260077879,26.0,35.08748322993791,686.5145302776968,4.0,78.0,-559.2111341742424,0
22.32167818810062,35.543710718367784,10.015446357808736,179.39815533721338,29.0,30.8330567844803,623.7520584125401,2.0,70.0,-444.35408908765027,0
22.51101272306606,37.33415730780733,7.641013656385776,191.49110996925594,29.0,31.42720823349309,634.0544046657063,6.0,70.0,-442.5653050918918,0
22.291494764614608,36.62628590179187,7.404334166847689,215.6551282149301,29.0,39.06676856299768,649.7293547692011,3.0,72.0,-434.07310560547853,0
23.452284774602823,35.488676720364076,8.749805686717611,169.21402022206107,31.0,34.48555128194961,676.2223431619467,0.0,74.0,-507.01075384869694,0
22.927488140234406,38.114560086823744,6.077607597213886,177.79766739882405,30.0,32.182506940202536,660.1374309032162,5.0,72.0,-482.34106424113133,0
21.818857459830213,35.26019326018092,10.411121442389145,161.25045610793356,28.0,33.63727725127282,639.359095830149,6.0,76.0,-478.1094728247725,0
23.38320780866398,37.18671625074244,7.7118252279763455,137.38579201459896,27.0,31.11655044392863,685.3995090602574,4.0,75.0,-548.0131054822319,0
21.65389398894448,37.27972511474361,6.658812105048901,264.9436023461952,35.0,35.08497159764941,589.6580386656133,4.0,67.0,-324.7155793749474,0
22.41627748395413,37.06407214606073,7.945412459723594,177.72334639329057,26.0,34.13617317268298,651.4194747368446,6.0,72.0,-473.6929788243328,0
22.191911958259208,36.86577084416924,7.636604598730669,167.3247542593781,29.0,35.67899531857994,661.711752201437,6.0,75.0,-494.38445462027784,0
22.73637152462767,35.999193921761346,7.841712463697227,177.69898224229496,26.0,42.85365647474222,698.0415465617624,2.0,76.0,-520.3438795735414,0
23.65582489009996,37.46003055848611,8.210484634806036,121.78426232690693,21.0,32.64548065862839,712.5536453373643,7.0,80.0,-590.770473479967,0
21.619328888332547,36.319798696176484,8.073441094828812,196.93644304566766,32.0,35.88032122880805,629.1389686939098,5.0,73.0,-432.2029868290731,0
21.732749105718476,35.21721544583778,9.875889422695922,147.13559664747805,25.0,38.66265639287728,668.128699952634,6.0,76.0,-520.9941376100348,0
23.50127018450835,38.60860457107723,5.106947430430062,105.84554252473859,23.0,36.06432602418197,733.7178083846857,6.0,74.0,-627.8729368389594,0
21.621940400110486,37.52370492911532,6.350364740079392,227.0526229786364,34.0,33.034800950715606,597.7014360305151,5.0,64.0,-370.6485957987682,0
23.047813261224846,37.18139447840006,6.811271730419583,120.95772382060734,24.0,38.54461024939788,722.435333616151,5.0,77.0,-601.4776703622466,0
22.260231486828552,37.13088448259211,7.52467317519006,136.9077929676097,27.0,33.85274949281431,670.7722205608057,7.0,74.0,-533.8658358755215,0
22.827343301312094,34.055492817461506,11.009305179545688,145.05375142131135,26.0,40.45305647053681,703.5332044512172,0.0,83.0,-558.4807711263904,0
22.972341801293744,39.72242713650992,3.7143722647303576,173.63237006144047,30.0,32.82010626007184,672.8161042889341,8.0,70.0,-499.18563010262477,0
22.74229498246186,34.789508436103446,9.271060156744543,177.1340257899979,28.0,42.39210370533119,693.748135060013,0.0,79.0,-516.6139629623285,0
22.381886122040683,38.60994592221653,4.944015743113161,183.32185676011545,31.0,34.53430112877157,657.3967744484318,7.0,71.0,-474.0746648430692,0
22.646276684627207,35.48917731897429,10.101142613475057,166.62298825435803,27.0,32.3128779585474,647.0701443344565,2.0,73.0,-480.4483433428397,0
23.127755486033973,37.47363191046243,7.08381760082894,83.90990781119275,23.0,33.573714514873004,721.1725407179839,6.0,76.0,-637.2649550820381,0
21.801592086163065,36.928893624883706,6.5445807392387,241.57174599961485,34.0,37.855195843099,617.2648909207335,3.0,68.0,-375.6903603545427,0
21.980616284356117,37.76721011462755,7.493865554019818,186.5618135370401,34.0,27.437268362296326,613.7487717579224,10.0,75.0,-427.18860196507865,0
22.97121917451783,37.188977612696355,6.639396657998567,174.42487343138146,26.0,40.95539943028701,705.7301041751376,5.0,79.0,-531.3033614572041,0
22.160478274683413,36.947362112557485,7.782761589234975,188.73757971413312,26.0,38.24549048093058,662.3616763603563,7.0,76.0,-473.6258294546689,0
23.232016328627022,35.84178026389514,9.482104863967251,148.1461805556187,29.0,31.770966048747255,677.1344890640507,2.0,79.0,-528.9871544026483,0
21.64098035597685,36.40441386380673,7.1805978205077,192.90833582640082,30.0,39.78685077666507,647.0788979627914,4.0,70.0,-454.17027807670456,0
22.612328925565336,38.47979161181694,5.253403156255538,210.70397939509525,33.0,32.69375128860692,637.7282957463559,5.0,69.0,-427.02461299538663,0
22.66993097320611,34.665607567146814,11.752742960131027,100.55567151406133,24.0,31.636004439390227,684.7642340896774,5.0,82.0,-584.2108748586141,0
22.60221537045251,37.40929010262569,7.866597001788059,146.565717489528,27.0,30.99167565199336,665.0680078120599,8.0,77.0,-518.5029909339839,0
23.223127102009883,36.786463503235076,8.960742193727423,109.48011413030923,23.0,29.951985703192364,688.9999998867494,6.0,75.0,-579.5220753623792,0
24.122554092189148,34.93616374767717,11.361611521739091,75.78255663493759,22.0,29.56080065935954,721.9224783598635,0.0,81.0,-646.1403721424967,0
23.27572775858438,37.108394587182914,7.71805252296294,135.42215520199795,28.0,32.71702993397061,696.8166010494692,5.0,80.0,-561.3925118567339,0
22.974988709482595,36.61031114492813,7.23401661411838,214.65909283678081,33.0,36.809731935466615,659.900963713692,1.0,76.0,-445.2395909645561,0
21.901711651453954,35.99862456952853,7.7166076790206475,217.46962685802885,31.0,40.94283974629742,645.3451236030687,2.0,72.0,-427.8751597977439,0
22.586085445875412,36.89091118924552,8.768787243744836,167.5057416614987,28.0,28.079467158466723,631.5510677098711,6.0,71.0,-464.04230073320963,0
22.017624891126097,35.51406796301623,8.866937778310682,247.8860544657452,32.0,39.06575148598772,622.621015295796,1.0,74.0,-374.7336667200982,0
22.977722183832686,37.081358331936336,7.937839079650229,112.96292993303092,27.0,30.609901501151906,688.9548571589893,6.0,78.0,-575.9927998452174,0
22.827146932373168,37.96518629277348,5.661701051213525,174.37999325170776,31.0,35.313715445039634,675.735602113659,5.0,74.0,-501.3554199279822,0
22.641100885834632,36.75635489846274,5.9618271960238225,236.2888767659393,35.0,41.64516809287018,662.5072430198331,0.0,74.0,-426.21890636879044,0
22.542495979568066,38.42531805059074,4.082022080698484,162.05553790815668,27.0,43.47612151024545,715.1015000260188,6.0,73.0,-553.0427308038787,0
22.086400207448207,35.368988153536726,10.405294748644486,149.41650137596835,25.0,34.596245598179344,657.028750183436,6.0,76.0,-507.61307621333236,0
21.337303004465905,38.03496670596903,4.854814706646145,172.69023131525577,31.0,32.51265744869114,645.2828542459079,4.0,67.0,-472.5909888225035,1
23.622221968425873,38.75577579199827,5.330738280417148,231.313005315237,24.0,29.79704277977127,689.1438327232026,8.0,80.0,-457.831878338131,1
21.59510900567211,37.78096763147195,5.432744080016701,321.89557951997085,42.0,29.86242757780431,550.4627437400977,2.0,61.0,-228.5648866175137,1
21.499065129818092,38.949854547555574,4.730222428131443,332.4147967226395,43.0,31.810673725528037,558.1378875294301,9.0,59.0,-225.7236828204281,1
23.821788588560686,37.35196994490109,4.303893527503274,0.0,5.0,36.04535192808214,848.9305460669156,8.0,91.0,-870.3889604351562,1
22.697267543669838,38.27115608311307,4.800258438725695,171.3700631817232,28.0,31.038232078175298,691.3945751189444,6.0,74.0,-520.0229412364858,1
21.80923807603135,37.59073520927446,4.625231680330069,176.34085044785436,30.0,32.60497633051366,648.4363905911547,5.0,70.0,-472.0932471654829,1
22.73359908474565,38.23223352977263,4.5201816497975225,136.18358929506667,23.0,32.88793421863857,715.485071474622,8.0,78.0,-579.2993406679798,1
22.84740146761504,38.34633139663388,4.117083343327565,137.70146669661986,27.0,32.5301118014572,716.7494054072013,10.0,76.0,-579.0460880753388,1
22.93470848480414,38.12839108624959,4.746048302101202,181.38740042314254,30.0,31.91510134287494,695.8943935924827,5.0,72.0,-514.5053196463772,1
23.625355203812042,38.46818987050634,4.460265529593436,190.72212499235158,25.0,32.85162622761278,714.8146728818111,10.0,78.0,-524.0919033179528,1
21.288796745253087,37.031098745443884,4.659492404161892,299.2733379038119,44.0,32.67323687002575,546.0224653514473,3.0,56.0,-246.74714403919376,1
21.309510193502533,36.49432949307571,4.882578633090287,139.26508751284098,27.0,35.79485867902875,654.426263827618,0.0,65.0,-515.1617477969321,1
22.59668322228155,37.15086383515355,5.5498075464862,155.8128101672756,15.0,35.62811397435591,699.3026065923056,2.0,76.0,-543.4875302589163,1
23.1380871414023,38.49435506129572,4.307584121546064,204.00178129691162,31.0,31.134008783236833,683.0365909141273,10.0,75.0,-479.0357006611653,1
22.002132088533724,38.70820848245047,4.336290825602862,272.46789479761753,39.0,32.44515352796145,608.0591314526007,10.0,64.0,-335.5928305435574,1
22.122428435420506,38.88697007356186,4.291092083658292,206.50782336059075,33.0,32.43056708359944,657.6013648298702,10.0,69.0,-451.0933319818291,1
23.002520706565008,38.60777318947717,4.119949190267716,181.7513287985792,28.0,32.50742942303733,695.967258574982,12.0,76.0,-514.2182520633862,1
24.020417567414256,38.02276227183898,4.494836571494658,0.0,0.0,34.49084573361908,864.841273556155,12.0,92.0,-901.0143119263041,1
19.529452270034774,37.32093907418448,3.662616036932884,146.32325733308897,35.0,34.699330241251545,579.3873712884388,8.0,61.0,-433.0647192960577,1
22.439793583932083,37.912011947162334,4.266562875858427,40.393534638940366,17.0,34.24997637530429,765.5467327938488,7.0,80.0,-725.154868437654,1
20.611300663256614,37.805988617889014,4.695741233196425,193.65412289886797,34.0,33.24920126905925,603.2434700091038,4.0,62.0,-409.5898022791089,1
21.88558334928938,38.19414293623449,4.596640638986603,173.0127580030337,26.0,34.550801916661456,668.624250017853,8.0,70.0,-495.61246806785334,1
21.187264444350724,37.60359950132795,4.307489607200729,214.3773441423535,40.0,31.190705299607686,597.2768994779542,5.0,63.0,-382.8984575651563,1
23.275279555518583,37.789787570829176,4.107097889413281,213.95312833695976,38.0,32.2509504633717,678.2448483973321,7.0,68.0,-464.2932247699739,1
21.831675827804695,36.15467758872978,4.51318543980898,68.97121696908705,19.0,37.26208066690424,712.063603137873,1.0,72.0,-643.0913534460541,1
22.059187487020562,38.275163707106564,4.993346972726501,268.94508129077894,41.0,29.049583536646217,603.701548166456,4.0,65.0,-334.7611146688555,1
21.811611753541218,37.57055302086244,5.111005607025377,239.49825754812701,37.0,32.81426896154473,618.5298684858998,1.0,62.0,-379.03182934608895,1
23.481525766697292,38.9899659706567,4.958129211309339,56.334589772252016,10.0,31.560074794315646,802.1193690892858,10.0,90.0,-745.7833752083184,1
22.805155018094585,37.50184840218862,4.406397807046303,95.14834336097624,21.0,34.59967943584185,740.1656763483447,6.0,77.0,-645.0216859914067,1
22.996275965705774,38.173630347831825,4.6172945064335424,234.74968911377732,34.0,32.87777623144171,665.6552568643049,7.0,69.0,-430.9036240427283,1
21.899282405498035,38.112715456657945,3.4496412055885726,108.57003464587638,33.0,33.85112982480624,700.716144909308,10.0,69.0,-592.147107278684,1
23.59755124981453,37.70143323624189,4.6978463908615105,30.65250214995018,7.0,33.81524207830435,806.567118723105,8.0,91.0,-775.9147686536435,1
22.178127144089192,37.846504515350844,4.4918135876657335,167.12812329372767,29.0,31.949029713198534,667.2792802550299,7.0,73.0,-500.15114883975815,1
23.154095020297298,38.89984231693073,5.484234885744064,258.041378964717,30.0,30.623608788600578,666.6343942852197,6.0,73.0,-408.5927704800561,1
22.265761299541015,38.76934651693025,4.654699820748391,317.7181560317916,44.0,28.764988361793286,579.6925938595549,9.0,65.0,-261.97337962196525,1
22.799321265492473,37.02021361633277,5.342151585773962,47.60141042395449,11.0,34.97746431774659,772.3992808560184,1.0,82.0,-724.8013694592728,1
21.597114137876098,36.59309957197978,4.766577085417219,84.27020361617836,20.0,35.549266650516046,696.316084137091,2.0,73.0,-612.043501142716,1
22.410459527269808,37.931108685476744,4.903649244271835,149.9527488620041,24.0,30.62140916133538,684.8824929969351,6.0,78.0,-534.9317320256047,1
21.89632202726554,37.00367994654085,5.079068196192329,82.6341238494819,18.0,34.52692670843765,713.7465459612247,1.0,76.0,-631.114443177091,1
22.800616528994528,37.48566192937311,3.715832871567058,107.02592761902875,20.0,34.87276357852302,719.6555018485013,12.0,80.0,-612.6285236728455,1
21.657261934322083,38.51303230859898,4.572656848955028,196.32457161902758,33.0,33.482386446640476,649.7706676980941,7.0,66.0,-453.4458011552168,1
22.02940506161896,38.247321509917164,3.8002484239558028,146.49000579186392,25.0,33.43338510181742,674.4416454550015,14.0,76.0,-527.9542581355504,1
22.098871564962977,37.21090228780411,4.779174861442307,166.60263653109604,30.0,34.097451023516655,669.5703075060878,2.0,68.0,-502.966068337645,1
22.03124081753967,37.756890421918605,4.053236654611932,195.98768542143762,35.0,32.94928503396454,643.073485724103,8.0,67.0,-447.0849398352,1
23.797554111305057,39.02276991775439,4.076067190177743,114.70825639419971,14.0,33.95929009820416,773.0305384752003,16.0,87.0,-658.3216871599708,1
24.18152755014283,38.49224251746303,4.478888649009608,107.67583982227202,13.0,32.52486980217555,782.5985252157511,12.0,89.0,-674.9247521251787,1
23.187926761187388,38.80540811346037,3.8526308536781855,103.76355778419816,18.0,34.22861218193161,756.3999054201673,15.0,83.0,-652.6352747815691,1
21.497680579906906,38.33902223381255,4.206179877364114,87.79855327608868,19.0,35.05720634139618,706.8622237385367,10.0,76.0,-619.0627438199834,1
24.31974710460771,38.279713189080724,4.790504126808875,80.98797625518117,14.0,32.622586899979176,810.8349331082609,7.0,87.0,-729.848825091379,1
23.144464534202672,38.51391997121592,4.370554469415522,106.21262351575484,14.0,34.045816045431906,751.3406650499362,12.0,85.0,-645.1293680561741,1
20.773142066503514,38.23443346064991,3.828017450451829,198.52420338822807,41.0,32.297981690321954,601.3058482697363,9.0,61.0,-402.7833489032224,1
22.846015821401537,38.76066596767637,4.474099915451212,206.92349049401912,25.0,32.38965399396725,675.8021129379813,12.0,77.0,-468.8819950341242,1
22.7158296115027,37.483284509209916,4.872909374040416,68.0490944705207,17.0,34.588324014922094,759.8718192246688,3.0,78.0,-691.8246620043476,1
22.285308579275892,36.676527226382184,4.331196810510304,144.55659316476988,28.0,34.7258787741775,677.7522889491448,4.0,70.0,-533.1968665127556,1
21.75609530753383,38.75411203893916,4.231214732806248,196.1332218637335,33.0,33.580378555568785,652.6906070965418,10.0,67.0,-456.5595082427852,1
20.651561700968145,37.778514227064164,4.100801640056267,190.7852731172302,38.0,33.80694848971186,603.4279494584383,7.0,60.0,-412.64383659403063,1
21.86117473805002,36.88118893757187,5.037787322243873,77.54993355000495,18.0,35.000017791237404,716.1920559142853,1.0,75.0,-638.644368053029,1
22.261198291095226,37.01157601980223,4.168324362632706,24.803885428603536,16.0,35.09938602987205,755.4864320345024,6.0,80.0,-730.6818469406076,1
23.584026104221373,37.90131551044586,5.488399003697527,93.64683214823059,15.0,31.718502173497022,775.8631675611332,2.0,84.0,-682.2144266010275,1
21.03556385396602,37.40940920551471,4.766406711415078,238.71083732748053,36.0,34.754830866573414,589.695130083739,3.0,59.0,-350.98330559533895,1
21.79082120406218,38.470609513183085,4.613371111200207,135.57253975479517,26.0,34.354741187910484,696.0343916962711,7.0,71.0,-560.4622730304761,1
21.473295067101006,38.25243358971391,4.773889141418666,248.10095715073587,41.0,30.493742614366017,599.3289403011487,5.0,62.0,-351.2280054637648,1
22.214177424269412,39.97429603517698,4.428861254694971,299.4137604166099,40.0,30.087481445319902,609.6942253276882,14.0,67.0,-310.28201180823544,1
21.774038270809044,37.11885483602663,4.423837766751964,68.75780656998299,15.0,35.885832094576294,713.7436276590149,7.0,78.0,-644.9862521656507,1
22.92197274935205,37.42452855985044,4.113673789538916,127.00868271415416,27.0,34.543502744975825,721.3285404642222,6.0,73.0,-594.3187046429061,1
21.398531024403184,37.18794316952972,4.146008372231681,83.82318824878536,23.0,35.63399935189847,692.4333578930751,6.0,72.0,-608.6128654553676,1
23.964147764270102,37.85985829436496,4.150258710273483,55.59173689295207,12.0,34.748713946303866,805.6309876920642,10.0,88.0,-750.0393369356316,1
22.125348504776305,38.747487569469,4.352799307238426,264.42564899556805,37.0,32.08609723103854,615.9684546643472,11.0,66.0,-351.5437939971722,1
22.25180507142046,38.53449788110866,5.135902451332104,344.6893984480115,37.0,32.327841937203246,572.8316165693485,8.0,64.0,-228.1417066089976,1
23.499368491546765,39.5922096193755,5.531839631433097,243.71379180797825,26.0,29.3019244733573,692.3157216402739,8.0,78.0,-448.60085554386615,1
22.96129277935749,37.39885996662352,5.023140073142999,129.44640869393388,21.0,31.915475596037503,716.9414060293639,4.0,79.0,-587.4960360112195,1
22.34025845618308,37.43875874754408,4.8168500327134085,14.849174450361062,6.0,35.666931791746045,776.0787547030138,6.0,86.0,-761.2290725130033,1
20.74817342003645,37.852907947871934,4.925401059515327,332.6144139856363,55.0,29.68647000568943,516.95897062537,1.0,50.0,-184.3469197976729,1
22.89979816409,38.448689566608984,4.577189748790904,241.97230234845975,35.0,30.862762124475847,652.7378886540685,8.0,71.0,-410.7650216799124,1
22.69116687140572,35.582894962514686,4.444457383632142,0.0,2.0,38.31925432463332,835.8734414977159,1.0,87.0,-925.500756477034,1
23.253118452718088,38.657004381992316,4.592293372315075,204.32681098652728,27.0,30.936817617203985,689.2231411646454,10.0,78.0,-484.89471686522063,1
23.248323459277213,38.35403160388143,4.9084997087645155,135.3715540285521,22.0,33.90866787798726,748.1097829123136,5.0,76.0,-612.7383087191289,1
23.59919867657106,36.80647452559037,5.2247716158234905,99.55857810876078,14.0,32.91421779425589,752.9165772761716,2.0,85.0,-653.3573248154037,1
20.96140596736521,36.72090487586539,4.801705822405903,179.1929165364308,34.0,33.91582244917951,613.7175366517955,0.0,62.0,-434.5238367406501,1
23.59571465725647,38.08963381144048,4.726603595981296,152.63911831312515,20.0,33.04058393245153,734.2195161632494,8.0,81.0,-581.5765515429531,1
22.159919476809492,37.30080845521417,3.893916731357235,195.85757875762914,31.0,34.9438440722948,642.290036613269,9.0,69.0,-446.43470478668445,1
23.780385223335614,38.15390842134303,4.897216531003829,142.33606603998984,15.0,30.180993057450095,734.6558005246604,10.0,89.0,-592.316784508385,1
20.36285995052077,37.27588779044299,4.800598263596729,307.7726937039379,52.0,32.11890515137247,516.6730801350527,0.0,49.0,-208.8983944739448,1
21.622924676486036,37.8419337517947,5.32203422214865,271.37232782304557,37.0,30.095589556682924,583.3050222820488,3.0,65.0,-311.93694051170144,1
23.558604305571507,36.865538365662616,4.600230864931009,27.568649004775494,8.0,35.12009883500235,799.0574649648113,5.0,88.0,-771.4907648661622,1
21.721900615473263,38.34760972786676,5.070108549410941,243.1650215434231,33.0,31.690981902229954,615.0552660405614,6.0,67.0,-371.8907627641596,1
23.06129793771326,37.51984425161094,3.9125633182370563,66.60058313998725,19.0,33.7742007237429,756.710409427481,10.0,82.0,-690.1062032695146,1
23.16779702329756,38.582342352284556,4.129659723360086,195.95957511886866,28.0,33.3843247005039,695.9264279343106,12.0,75.0,-499.9635115836843,1
21.037549065521528,38.00177689176454,4.263258300510464,248.99376430204012,39.0,32.69058567426482,577.1510810951988,9.0,62.0,-328.1576435901148,1
22.70352630880116,38.67175332537232,4.610962762296267,242.3833001745945,32.0,29.515274547061143,640.0457528302392,11.0,74.0,-397.6630758420931,1
21.312273003719085,38.420179320550524,4.1427918018324,211.9783191639575,36.0,33.8442662881346,621.5823867290217,10.0,64.0,-409.605360084888,1
22.313523693508525,38.89690141685552,4.628976702726268,331.5345610457923,44.0,28.05099623944041,570.2022810739521,10.0,66.0,-238.66847618370088,1
21.939126025211177,38.2123983597006,4.601597866675969,198.13464173344005,31.0,32.2064057822374,646.6387179802341,8.0,70.0,-448.5044851524696,1
23.53870424132277,37.9797511826484,4.680820374424818,124.48748338904218,16.0,33.866660709418014,749.9279594063996,9.0,83.0,-625.4388498199633,1
21.66339715635194,38.52590760010832,4.5769091590823345,176.3109157280654,35.0,32.762387181376404,664.196236816435,6.0,65.0,-487.88600415546176,1
22.596610405621412,38.55691278195723,5.3165041061186855,282.2389872375136,34.0,30.174801793143203,621.7842212846521,6.0,69.0,-339.5459518696606,1
22.30093537554964,37.780312012607766,4.508073709230554,163.81012205316526,26.0,34.50731539875324,681.9625258454265,7.0,72.0,-518.1551035099657,1
22.614123543608095,37.31238959472326,5.799113853606924,230.67229786976392,27.0,33.32926173177394,654.1252041488643,0.0,69.0,-423.45407371993315,1
22.13788284873147,38.36916532153475,4.401227892741036,242.3433772997193,34.0,32.74816285545605,626.9846425290704,10.0,68.0,-384.63933916267575,1
22.223293141985142,38.020568417503846,4.517169219672205,153.57769303310639,22.0,33.502140799741085,681.9875716313582,9.0,76.0,-528.4074714075633,1
22.085051665194715,36.90419959648216,6.548490095116764,250.99308886055724,26.0,31.426697680523393,614.990881395087,0.0,69.0,-363.9945128242932,1
22.829887988195697,36.586208791104106,4.6629152519531205,112.01581775961488,19.0,33.15402731188754,709.0073853048541,4.0,80.0,-596.9913968886372,1
22.349467358690234,37.843508181102166,4.293743019966576,233.21668897309493,36.0,31.822066119152304,629.1058206389115,8.0,68.0,-395.8898826245865,1
23.12713724833721,38.132196120969446,3.260576666297533,94.9686550471634,18.0,35.74850514241474,745.9917925871392,17.0,83.0,-651.0227120715097,1
24.014149371804866,38.65971441998699,5.082174589765508,146.57066192331413,11.0,31.956542119085164,755.251962234471,11.0,90.0,-608.68246200091,1
22.31474455293727,38.181140446935935,4.257441112914014,186.50242167270932,26.0,33.31398853842712,662.8933805956265,11.0,74.0,-476.38912657704304,1
23.093924676775742,38.12991794640986,3.5457998057569435,24.625945129988423,18.0,32.55337073164277,786.2378439532439,13.0,86.0,-761.6102724396736,1
22.279141036588705,38.56840249329049,4.8850375301961355,214.9075695835428,33.0,31.822563119879323,658.2261256248108,6.0,69.0,-443.3177177709391,1
22.859820250856618,37.81287682820946,4.5374092649673194,175.36752272395046,27.0,31.584629065736607,683.371840654746,8.0,76.0,-508.0056525564494,1
22.287579521066498,37.730530460160374,4.267470249545206,93.0544096017817,24.0,35.07557309108859,729.4955534832408,6.0,73.0,-636.442117452251,1
24.420205301461877,38.209682808307726,4.3472284099574,99.8304789111749,13.0,32.52573883690875,790.5666777553831,12.0,90.0,-690.7367839524981,1
21.76534425483834,37.914479853244345,3.963161610114245,98.99332700720036,21.0,35.66915599018044,702.5623464150599,10.0,75.0,-603.5667865246669,1
23.271585528802742,37.33924057953357,5.227012420003404,100.86239980475871,15.0,32.50445544860217,748.4350777086211,3.0,83.0,-647.5708201267382,1
21.343924455118177,36.903278074792695,4.902083075784856,282.02319190984605,44.0,32.27336668986916,560.9009591982472,0.0,56.0,-278.876260531045,1
22.74771540687468,38.465533753124106,4.081589920396872,143.25436269628185,24.0,32.01189423798309,704.317698066558,13.0,80.0,-561.063295217402,1
22.877010864014583,38.449632962672595,5.1857594606476995,152.0383253913695,17.0,32.24592347375241,714.1804930875967,8.0,82.0,-562.1409646740717,1
22.136689767834415,36.86225584128452,5.002135837768154,93.63161498509206,21.0,32.86063711841699,707.1275438043101,1.0,76.0,-613.4945329770815,1
21.88487589557734,38.87700524411819,3.6399011046790344,155.92497510558584,30.0,33.03938224573857,673.6576663532345,14.0,73.0,-517.7293046479405,1
21.847339538954873,36.98577405967714,5.253726110717748,123.66175098967884,21.0,34.56655246330704,687.7679120757027,1.0,73.0,-564.1048739670493,1
21.91247911466638,37.5125963810357,5.01555458489661,301.03361472383625,45.0,32.1405156232152,580.1489545256796,1.0,57.0,-279.1149051749324,1
23.122465738691634,37.67922598660097,4.460960142124783,54.78644375559897,10.0,35.480420504252244,777.5569519654183,9.0,86.0,-722.7666973328442,1
22.81238814192157,37.74647288826362,5.249096830832252,154.71610278260485,22.0,31.330238610932245,701.2757795108464,4.0,78.0,-546.5603378292142,1
22.28146756851738,36.95315897126882,4.862473479941029,169.0083712532214,31.0,33.24564415443368,669.4172336421641,1.0,68.0,-500.40493497966787,1
22.251693702768133,36.78690360353506,4.644752217593704,123.3742654815226,23.0,34.11738027953235,690.3433006684728,3.0,74.0,-566.9692869185463,1
22.95565904538678,38.14653212158109,4.482761701775312,134.52713399693943,20.0,34.29091009637062,726.836097412547,9.0,78.0,-592.3107443656392,1
22.0608265508857,37.86833616401385,4.4079730539250574,117.68424419021966,25.0,36.20193451457275,713.6152036823152,6.0,70.0,-595.9313057093186,1
22.249687588916522,37.34948198114892,4.884718976505827,194.1410820942744,26.0,33.50415439362024,651.8285829678003,5.0,72.0,-457.68444195540627,1
23.634875777832235,38.305531627645536,4.740523588736698,221.9680627439655,26.0,33.58832162369205,697.9351106290095,9.0,75.0,-475.9696497495432,1
23.16578085397883,38.43386357449973,3.365874458757206,8.792834607473651,9.0,36.831428759179715,812.4586163436262,17.0,88.0,-803.6671374181441,1
22.56090722062786,38.73709223942867,3.2421135180844796,53.85857921106543,20.0,33.785789658139656,757.5556386730625,17.0,83.0,-703.6974300392534,1
22.862462426776204,38.37098970692394,4.579749892449018,172.4439341760849,24.0,31.647076303122645,692.928796021417,10.0,78.0,-520.4847258460896,1
22.657272324509176,38.486862642354104,4.183130871150018,122.1822179965082,20.0,34.975653126143555,728.2673268645428,11.0,78.0,-606.0801181644077,1
22.289830476399626,36.88827640326639,4.5607560379716645,92.07187585832496,21.0,34.80527680108119,715.8424561824481,4.0,75.0,-623.7711177217401,1
22.17130008029978,38.23170289324909,5.550519063472819,248.07789868114298,26.0,30.87183747117317,623.5858910487855,5.0,73.0,-375.50877595268656,1
22.74166658438371,36.94017892860248,5.138283503679686,87.69314531359836,14.0,35.47743556344962,741.8681648426143,2.0,79.0,-654.1751066487841,1
23.196716323829968,38.3660616211337,4.9681885744781855,102.66308347038547,16.0,31.501610700151733,753.5158921935852,7.0,85.0,-650.8523324961636,1
22.604933233593094,37.7834673700344,4.0773075019729035,133.87925547824165,30.0,33.27597545354955,706.8679985328953,7.0,72.0,-572.9850655642166,1
21.894135019933316,37.754318385261044,5.004080613884412,275.4233119993513,37.0,32.85838956320403,597.4196572520751,4.0,62.0,-321.997530955893,1
22.468358408133547,38.38792648547529,5.016736114283555,282.2545380904804,39.0,30.58017414702777,615.9259818610863,5.0,66.0,-333.6737260082406,1
22.240844585970382,38.05895623607542,4.710759624310513,160.62867292667602,23.0,32.54457760681157,677.9958741499702,8.0,76.0,-517.363770909926,1
22.050510903170732,38.08957271200981,4.268636213759636,302.6647385234967,49.0,30.779741001374777,579.8160894582666,7.0,58.0,-277.15199429511944,1
22.719855979069145,39.50212639367639,4.913491631576074,210.18319015889136,24.0,29.737301853305336,675.6030139187602,12.0,80.0,-465.421874259864,1
22.632745594282092,38.08272487650428,4.5984013910280055,167.30017007134867,24.0,33.67259665307162,692.2595803038494,8.0,75.0,-524.9594639658541,1
24.855952553818003,38.73225094103419,4.974430273968626,93.4605232189341,9.0,31.549773733644926,821.124282012121,10.0,92.0,-727.662648819588,1
22.09129753205113,38.03762671331526,4.945736466011325,250.3181291433526,38.0,30.8651891352292,618.2578744117902,4.0,65.0,-367.93689034338126,1
22.132486552767038,37.32231947842431,4.151121192014817,123.78163506954225,24.0,35.442385912106445,693.9413812359403,7.0,72.0,-570.1593747675967,1
22.08085504088494,37.50963305683453,4.406984936927418,148.51179521301088,24.0,35.77024070430345,682.0334591252393,7.0,72.0,-533.520628867576,1
22.456438573432017,36.686573314362285,5.525356150643078,127.70590959003019,23.0,33.51353134528451,704.8744995132764,0.0,73.0,-577.1643456151106,1
24.012278658152958,37.495074618602665,5.038561048802611,0.0,9.0,31.380585427642533,843.0837759910188,3.0,92.0,-850.2961807435829,1
23.006536069270595,37.55985114014068,4.373228905580874,189.1519584161041,36.0,31.947599646455657,683.4943626533266,4.0,69.0,-494.33955018106565,1
22.321873324699467,36.257546551219654,5.0548035513477645,165.14273556997682,28.0,34.52741604209097,667.285621016167,0.0,68.0,-502.1464688169864,1
22.7232101722502,36.67777420705829,5.347824353333136,55.33438186025076,11.0,35.236934082963096,759.7537314580917,0.0,81.0,-704.4213731002201,1
23.845720866338745,37.47158473533483,5.073397790510566,67.64157814867738,8.0,35.55414408222025,800.5747534056478,5.0,86.0,-732.9356813609891,1
23.376876338613055,38.57076517863248,5.130826928825512,195.54144820106026,18.0,31.812319786717975,701.4947596732933,10.0,83.0,-505.9508091005088,1
21.76304610200257,37.58554517289408,4.254427272347327,171.00635309714986,28.0,33.335994992706375,645.45323963664,9.0,72.0,-474.44561995232795,1
22.011817351697744,37.89579236700809,4.607104771436508,157.9493351289083,34.0,31.93527972693402,675.5616337830203,4.0,68.0,-517.6108361126496,1
23.369850305653806,37.931368070815644,4.091859777814159,14.589416282181531,11.0,34.79189594108632,812.3387356362554,10.0,88.0,-797.7491818097866,1
22.411899711731518,38.05186265583921,4.3198353867264085,106.09690189536339,18.0,35.45184478787706,726.0119618997811,9.0,78.0,-619.9145306187797,1
23.01083648432981,39.0135346865271,4.3618283064670935,287.19749685470913,38.0,29.12033205771258,625.074491231185,12.0,71.0,-337.8784771520035,1
24.170564378196897,38.49423759287568,4.4336391056033495,93.13295542497966,11.0,32.60059775682713,789.6321770132881,13.0,92.0,-696.4996846599835,1
21.974708021457914,37.775092469950266,4.084431185927384,121.58353620511603,22.0,34.14151618173843,687.9003380464545,10.0,76.0,-566.3149750208845,1
22.02457800764153,37.39556913709928,4.131575592191486,94.01254286111563,18.0,36.59252470223866,710.7591311459497,9.0,76.0,-616.7462952549844,1
22.781207654356024,38.94876456559018,4.148756840511944,215.99488818680118,33.0,29.036205201804847,657.7978818050767,13.0,76.0,-441.80371566582426,1
22.858604129388596,37.59161618917812,4.284220178525905,118.98830595245633,26.0,32.79214861692406,721.6064171876468,6.0,76.0,-602.6169570518841,1
21.560363913586517,37.815998814902215,4.685327099841728,190.1104527684968,32.0,33.59390650456437,640.9240581618285,5.0,66.0,-450.815212313412,1
21.316415301953363,37.212049452100324,4.215462495714903,90.21529557013297,25.0,34.28717377367912,682.7189237922107,5.0,71.0,-592.5051929003217,1
21.58513600484348,38.5780793206908,3.7343772966807562,235.68641999668074,34.0,32.37247704640411,601.7405154408505,15.0,69.0,-366.05437833808276,1
22.822327793178097,38.43352256454285,4.138743274051429,129.30700981201775,25.0,33.263535511347634,725.5898039042547,10.0,76.0,-596.2815750411281,1
22.60680867368632,39.33204694257206,4.3021658196246255,256.58354015909936,36.0,31.84941495012125,646.9696156915978,12.0,69.0,-390.38641179108697,1
21.69982691640172,37.867894581954744,4.494701040567899,146.87711101303734,28.0,34.11974386888417,673.1504355596556,6.0,69.0,-526.2699890379645,1
22.3095095423218,36.74602175989884,4.102437544869853,176.36941542496754,36.0,33.73814771160215,656.7271100773263,4.0,66.0,-480.3580304351643,1
23.652824164939798,37.90514662998346,4.601867022034051,118.10217051886548,19.0,33.27967033826197,756.6012467902508,8.0,82.0,-638.4993678425393,1
22.1554921427154,37.21953504985158,5.0937367336375186,116.23196488955261,22.0,33.59712780261141,703.6447056894586,1.0,74.0,-587.4147195994832,1
23.52171083591789,38.77366936620707,4.317189246245485,31.27549398845761,7.0,34.26216405364842,817.1220555479237,13.0,91.0,-785.8472318067777,1
21.564401026893055,38.77015971643465,4.170623871796695,263.66123253590376,46.0,29.623752243732607,591.8429899076439,9.0,61.0,-328.18269800869643,1
23.366416609419137,38.12382093421332,5.174364398878181,143.11306365377604,17.0,32.503456842960134,735.5785282931491,6.0,82.0,-592.4659778004548,1
21.56196884668202,38.50355605357028,4.800829054081134,226.9206523533428,35.0,30.10650820298732,614.6110726203756,7.0,68.0,-387.6922488926218,1
23.388159649312104,38.40458421861419,4.798259204261214,192.68029408217024,25.0,32.73540402928451,707.7960845841153,8.0,77.0,-515.1148277388525,1
21.252741380607095,37.36019331147006,4.324458764634934,209.16326455664083,37.0,30.772480461073435,594.3419288222042,6.0,66.0,-385.1801422890583,1
22.221447958418725,37.400155304388555,4.854979496194574,147.35381118830307,23.0,34.26422201678616,686.4921801329285,4.0,73.0,-539.1378405950827,1
23.207536193083104,38.139905583738816,4.392428052866277,170.22504122087048,23.0,32.873313139898514,705.1435333473555,10.0,79.0,-534.9220798604989,1
21.159010911254036,38.04744314785839,4.01247229533411,242.82342891675552,40.0,32.384525273915266,582.3303132019204,10.0,63.0,-339.5053507887064,1
22.33114977610274,38.53933842966376,4.913233388885178,237.63636145916144,34.0,31.028316081519534,641.1926546934617,7.0,69.0,-403.55636249953693,1
21.83706373995131,37.68605971764488,4.468916330810899,189.36732136018617,31.0,33.51521361800462,645.063324930591,6.0,68.0,-455.69341346009037,1
22.54388764393393,38.721724357972505,4.36663298901297,168.00160339313405,26.0,31.60704521235435,688.4103724374806,11.0,77.0,-520.4100312242679,1
22.27106334147693,37.90407204665247,4.822796464767039,240.9831208821411,35.0,33.57294416016548,637.6645708183752,4.0,64.0,-396.6808508835927,1
22.7934701729893,38.73411812183685,4.481023550696264,114.27003340703388,15.0,32.06837713594956,729.856845195627,13.0,85.0,-615.5878688848646,1
21.94815913783048,36.60308703646958,4.975316750060246,136.30457323243365,24.0,33.805879920951135,670.9900939235607,1.0,72.0,-534.6824803064127,1
22.029990126298117,38.46675523001279,4.8249702564096495,166.28842914642212,23.0,32.8482642216633,675.955586541251,8.0,75.0,-509.6692127192308,1
23.18659788632251,37.6579268234916,4.294542477043623,88.85653206227364,14.0,34.81038243485353,753.7005240243982,10.0,84.0,-664.8429091434139,1
22.58679509314179,37.48647243475096,4.71730545513522,180.14338881099155,35.0,33.06203675792731,682.0470435897614,2.0,67.0,-501.90534718314933,1
21.222675860244497,37.812451166085104,4.082242973238376,177.73375282135868,34.0,34.787647029843995,635.082842397553,7.0,63.0,-457.3514471760195,1
25.29015267058879,37.870332079022106,4.636735210752536,163.33778713733076,21.0,29.71558635941536,771.6636240156005,9.0,89.0,-608.327474667346,1
21.17167855597012,37.88138408081596,3.964645468009526,193.33807292299667,39.0,31.430048319426888,610.1446986717767,8.0,65.0,-416.8077972909083,1
20.75340120426203,36.92367546292864,4.045000048083124,190.65921113232744,40.0,34.58747700316866,597.8513260767058,4.0,58.0,-407.1903759268383,1
22.206197159715362,38.488095756090615,4.726567696605065,227.356317457703,30.0,30.522722287583168,633.4965343301436,9.0,73.0,-406.1379873712857,1
22.525575190281746,38.320176868148245,5.230802981418144,248.78773027522283,29.0,32.02669765104701,640.773006824018,6.0,71.0,-391.98415098841747,1
22.643843571042872,37.606302178592095,3.9974638669028333,78.77053547251431,23.0,32.92022525222904,735.4299955376313,8.0,79.0,-656.6602444620721,1
22.702399884947393,37.63311839985786,4.971648334678492,157.87588260149514,20.0,33.04441198062135,693.8833693587619,6.0,78.0,-536.0089831113952,1
22.143347766042552,37.461455707205005,5.161653440068503,217.22760899478521,32.0,33.52881098781245,644.0003724606362,2.0,66.0,-426.77372799455526,1
22.335385531115584,37.035752164291594,5.857620804292373,177.00164696740495,21.0,33.66261671861477,674.0818881309198,0.0,73.0,-497.0790585408763,1
24.38494716607889,39.15881587917894,4.808424996635422,213.8705808744446,21.0,32.28684503917485,736.8422419555002,12.0,82.0,-522.9733734580188,1
21.593070346317745,38.186826639977255,4.397327919719552,176.98114802540667,33.0,31.30592020068783,643.6909562829971,8.0,69.0,-466.7101063742889,1
21.841752298110258,38.33886990170833,4.751368447763539,299.1405144515598,46.0,29.91614447531957,579.6451280862645,5.0,60.0,-280.50320736990636,1
22.372443793335922,38.627412268493316,4.210596998350799,122.85875215886523,20.0,32.23429237364752,707.572030444171,13.0,81.0,-584.7147281745266,1
22.478058240327197,38.356544011723074,3.963506915999643,88.5655221092705,19.0,35.04534270819957,739.2821390849218,12.0,79.0,-650.7165326159716,1
23.66755765838009,36.07351809798882,4.153562594256574,0.0,3.0,35.48883105030124,815.9924322206991,7.0,92.0,-839.1317168671028,1
21.44533290291908,38.28365766093842,5.24349425347382,388.7154962869808,56.0,27.220371601113904,504.90803962496454,2.0,53.0,-116.19315011623814,1
23.313708945008166,38.53267273335811,4.907300885804059,178.6092152740211,31.0,29.447000756813665,710.4047317177436,6.0,76.0,-531.79420242422,1
23.52665415463488,38.70061119201518,4.338415234046116,174.34121909961695,20.0,33.49249615826148,721.8017270284025,13.0,82.0,-547.4585704773742,1
22.417954919859564,37.41021623405122,5.042534593562732,198.2075500330634,30.0,33.436049959636705,663.6943442685277,2.0,68.0,-465.48697815211,1
22.386252229182677,37.38981643389656,4.527405803074853,161.00619531142388,24.0,34.49256425054475,678.5043644771685,7.0,74.0,-517.4984230683197,1
23.267757601860186,37.40737537348337,3.9172372984462256,20.19220547238777,10.0,36.92868156927245,801.9736480562871,10.0,85.0,-781.7817155680591,1
21.40854628910181,38.987284050380346,3.693986508062854,251.58500884791243,43.0,31.005036204720774,593.836020671185,13.0,63.0,-342.25312710996127,1
20.313075578598884,36.74557037274,5.004693761757878,224.51773530572333,38.0,33.72377176081539,562.8802767626273,0.0,57.0,-338.36080974175553,1
23.614978117543824,38.38213945519999,4.762012353110796,190.55979386245687,24.0,31.853371207140253,711.5926942286719,9.0,80.0,-521.0312625300364,1
23.21913762098524,39.189234696330274,4.304931193981997,138.11175615825925,20.0,31.237508821075345,734.4659158133118,14.0,84.0,-596.3543407594739,1
22.26500774325392,38.843775792743955,4.682773427455325,225.75840729835613,28.0,31.496517912984636,644.4142837026421,11.0,74.0,-418.6562969940454,1
22.734448566637273,38.581485992352526,3.617877111930847,87.34221477260773,21.0,34.587187315809956,748.4253416063927,14.0,79.0,-661.0829082533135,1
21.585621130575134,37.50883167458457,4.034757260344269,205.45416558380623,39.0,33.647399311121966,622.0197698590259,6.0,62.0,-416.56616407641616,1
22.548064283671085,37.56644616798916,4.9950022722786525,68.22381443746956,14.0,35.8155620654754,758.5951899407733,4.0,79.0,-690.3723582804785,1
22.62133750643736,38.41431687736253,4.612772419113844,212.1619696328055,31.0,30.26844406604444,657.5816984587063,9.0,74.0,-445.42047185906233,1
22.441947555627703,37.099079152800954,4.4400762652749375,125.26659711404612,19.0,35.29402544332663,699.0962339161163,7.0,77.0,-573.8280566401862,1
20.79542785320846,38.242374859118286,4.207074013398324,289.31484458489746,51.0,31.325706639105828,548.3734449129219,6.0,53.0,-259.05990037391757,1
23.061214594609254,38.895326733537516,4.924802242568292,216.7399234158192,25.0,30.882812525155398,679.8196714603865,10.0,78.0,-463.08044567685295,1
22.62491426946449,38.85700013493615,4.556858198220603,122.05448969545546,18.0,32.22144551563007,724.4659719072235,12.0,82.0,-602.4072254945244,1
24.393433098368227,36.87257472853667,4.921755991740991,77.51611777586578,9.0,34.58835270593149,797.4876200136695,5.0,89.0,-719.9721156043622,1
20.603823320519698,38.269145972647536,4.741865676289255,187.8235897141565,34.0,33.039126937618754,614.9415961043395,5.0,62.0,-427.12042637559705,1
22.860251838309054,37.292477247207444,5.187416606594163,118.8671059467294,10.0,34.4019608879786,720.8704653490774,6.0,85.0,-602.0033378523386,1
22.964839957028857,38.18779655743561,5.386267307065099,246.84240363509997,30.0,30.122984470782878,652.0489296253178,4.0,73.0,-405.2050347142692,1
22.595447387046807,39.22720918790166,4.06960891934551,182.74616018477565,23.0,31.840620797957058,680.6372912702307,17.0,80.0,-497.8886542678331,1
21.97788575164845,39.281798912568554,4.281947964281027,366.0656961221789,49.0,30.87833587898728,551.1195475494965,12.0,58.0,-185.05553033246963,1
20.30431755678628,36.18783380724285,5.268053158400875,188.48204769838657,36.0,36.34833905934266,593.6818098459048,0.0,54.0,-405.1980974150875,1
21.21132109380267,38.36242052956364,3.5164027422930735,216.82052141310973,38.0,34.09112779516724,606.8132903906061,13.0,63.0,-389.9917932876858,1
23.815256100537532,37.74799215509789,4.896035797007492,93.20096356485276,13.0,33.220964150500606,776.5681464840272,7.0,87.0,-683.3653585854695,1
22.124797896292883,38.300813728111464,5.00164296985198,230.31033234189246,29.0,31.49797703157275,632.8990289646979,7.0,72.0,-402.58700912067707,1
21.946708186598897,38.45882738297792,4.985772892462818,183.55725822424978,25.0,32.48288644397839,663.5168133681306,7.0,73.0,-479.9585729182177,1
20.528611432429837,36.85597518332389,4.43563674800479,207.24389440137097,38.0,34.04834915674713,577.8681487664262,3.0,58.0,-370.6283752554068,1
22.7248556197246,37.7110779654114,4.938787917934071,166.80809658273367,28.0,31.939270123941544,692.7133272729792,3.0,73.0,-525.9046071896346,1
22.1226510752579,38.40475845424134,4.257802504745836,197.3536962182227,33.0,31.081108452232012,649.0283454568599,10.0,71.0,-451.6728596025871,1
22.109713036058515,37.319428985473124,5.466916652403782,151.64151344433742,28.0,31.441306184170905,679.4940937656119,0.0,71.0,-527.8534705940507,1
22.472112660645355,38.50339569552554,4.610644250465624,234.05273194580738,33.0,31.62939039857151,645.1725680285748,9.0,70.0,-411.1202187990355,1
23.31056371716508,37.21026217716694,4.769085073632948,46.020175375705676,10.0,33.87024398298664,780.5095668716592,6.0,88.0,-734.4890534692104,1
21.750091112846594,38.18721301708437,4.577555588153748,238.4559760014848,36.0,32.80079856756532,617.8047071072011,7.0,64.0,-379.3461925792195,1
23.055719841581997,37.392991112320445,4.912143381687013,101.64690774259752,10.0,33.48073226577633,733.9081846699315,8.0,87.0,-632.2610577047317,1
21.62125902038893,37.474791934035856,4.234167348388117,215.9985458123529,38.0,32.18447555772565,610.868182034336,6.0,64.0,-394.8678598801204,1
20.92680459665294,37.73234943368565,3.620257795416757,184.30567373503672,42.0,33.74527798375147,613.9299354170382,8.0,59.0,-429.62469503923313,1
22.92509393280495,39.79823790402567,5.0694998156329,281.19958416613065,34.0,28.25088236080452,643.0989824085937,11.0,73.0,-361.8988533211685,1
23.48215029703495,37.69024017951432,5.118202211630926,33.490510219768225,9.0,33.25179025445196,806.327534703916,4.0,88.0,-772.8384409770831,1
